<?xml version="1.0" encoding="UTF-8" ?>
<!DOCTYPE mapper PUBLIC "-//mybatis.org//DTD Mapper 3.0//EN"
        "http://mybatis.org/dtd/mybatis-3-mapper.dtd">

<mapper namespace="com.kh.lawservice101.knowledgein.model.dao.HelpfulDao">
    <resultMap id="HelpfulResultSet" type="HelpfulVo">
        <result property="helpfulNum" column="HELPFUL_NUM"/>
        <association property="inBoardVo" javaType="InBoardVo">
            <result property="inBoardNum" column="IN_BOARD_NUM"/>
        </association>
        <association property="clientVo" javaType="ClientVo">
            <result property="clientNum" column="CLIENT_NUM"/>
            <result property="clientId" column="CLIENT_ID"/>
        </association>
    </resultMap>



    <insert id="insertHelpful" parameterType="HelpfulVo">
        INSERT INTO HELPFUL_TB
        VALUES (helpful_seq.nextval
        , #{inBoardVo.inBoardNum}
        , #{clientVo.clientNum})
    </insert>


    <select id="selectHelpful" parameterType="HelpfulVo"  resultMap="HelpfulResultSet">
        SELECT HELPFUL_NUM, IN_BOARD_NUM, CLIENT_NUM
        FROM HELPFUL_TB
        WHERE IN_BOARD_NUM = #{inBoardVo.inBoardNum}
        AND  CLIENT_NUM = #{clientVo.clientNum}
    </select>

</mapper>